183695044,1266,FredericSELLIER
183826363,1266,TheMightyMurvin
181024577,1266,Pawel
193616382,1266,BearPaw
180598416,1266,Abed
181482560,1266,fryja
209741428,1266,TrashPanda4Bear
181958341,1266,sordid
181734398,1266,Tomi
180647291,1266,VVVicious
181860336,1266,Sonofide
184366301,1266,MeHMeTaLi42
196209781,1266,ToSpreLo
182007379,1266,Timpee
181090100,1266,QueenBee
181139114,1266,Compeed
181008488,1266,Lord Roda
181516335,1266,Terrence 3798
183154102,1266,Vital
181188977,1266,siilkycherry
184334160,1266,Buzz
181466879,1266,Andacawa
182842833,1266,Aroe
183907791,1266,Mmm
180647824,1266,Tony
182203508,1266,Cocco
182220585,1266,Canela Canelita
183219217,1266,Scarlett
183154798,1266,Lord Tywin
221445787,1266,MissedProduct
184038545,1266,persian gulf
226209236,1266,Castle Black
182450074,1266,ThanosATL
182007601,1266,Olaf
181548141,1266,Persia
208469366,1266,KissMe
182269737,1266,Zanfon
180975047,1266,Haldamir
181712653,1266,Jazzman Lord
182957878,1266,Ste
184186546,1266,Lord Chevy
181417643,1266,idaho208
183317601,1266,lord TS1989
181892750,1266,Dineczka
180909451,1266,Fudel B24
184268236,1266,RASTA VIKING
187115851,1266,OccupierFarm
184301120,1266,Elsassking
264853160,1266,Mariskyto jr
286282880,1266,KSAarmyfarm
183039758,1266,Riz
184448668,1266,Momo9696
180779049,1266,Lambeau
180795047,1266,Ramnulf
181089949,1266,KRAL KOLAY
181531678,1266,Onion
182679587,1266,Megood
184431865,1266,Dagmara
191129295,1266,YaSSTown Junior
305821193,1266,King James II
182203950,1266,RoosterX2
180582116,1266,Bosco
240864609,1266,Farm CR7
183842707,1266,VicCend
184301482,1266,AmeerAlDaffaiey
182548386,1266,TR7
221883902,1266,FredSELLIER_Farm
300260967,1266,Borgiaminifarm2
183104870,1266,xDirtypunk
215719460,1266,mo 505/2
182384322,1266,BiGBirD
45978580,1266,uid 45978580
178298638,1266,Ragnhlidszum
180636958,1266,Mostafa
180778760,1266,Grimmson
161387367,1266,fenrir
176742470,1266,GENGH KHAN
178167737,1266,
137881550,1266,Noodle
162910751,1266,Alkachofo
177004482,1266,#1226GUNS&ROSES
160977214,1266,Henri
177758431,1266,OZGURTURK
179691958,1266,ahmed amin
197077736,1266,Maik2
161223459,1266,Tenchi
160961411,1266,Ceryg
161616297,1266,S0N G0KU
176939042,1266,Elessar
163042051,1266,Rising Phoenix
162042375,1266,Zahraa 20
177430530,1266,Lennox
177889207,1266,LordSkillz 911
161321233,1266,pranjal
162402979,1266,Anderson777
178828379,1266,James Bond
178003863,1266,Belle
178872530,1266,MPPC10
178282383,1266,Trident
179675357,1266,Merve
159437876,1266,Liam Neeson
179216885,1266,Nin
177643662,1266,Gouthaman
138078147,1266,Ramen
178298685,1266,Danurdoro
179515454,1266,Duke Pain
184005794,1266,Ozzy
194020665,1266,Bow Rain
179479072,1266,tender thorn
279842790,1266,Carmen
221309318,1266,Zeid
177741835,1266,GhostKnight
177889304,1266,IndieTullie 28
182022970,1266,
177594975,1266,The Duck
176448172,1266,ValWM
183946385,1266,Renata
216820126,1266,Grimms Son
199766078,1266,Lil_PrincessD
181669304,1266,Mauro
181155772,1266,aguination69
182668737,1266,Kokicha
226703897,1266,NINI FARM
188087741,1266,PrincessD
227970815,1266,RabidSquirrel
182390223,1266,Ichi1012
197748881,1266,
198971997,1266,MiniToast
402165713,1266,Grimmlin
183350823,1266,Tolunaybaris
378005527,1266,Brave
239065229,1266,ReypZ
181385198,1266,Lord Bolton
180385792,1266,:Kaleido:Reign:
183924658,1266,RBMcD
183940809,1266,John Wick
190573918,1266,Kingstop
184252103,1266,MK_505
181941995,1266,Abdullah
183072824,1266,BearClaw
183137287,1266,ToSpre
180369109,1266,Yoo
181958534,1266,Simmy
183809202,1266,King James
181778389,1266,Daydreamer
180893765,1266,Pickles
183089209,1266,Winterfell
183384158,1266,Wallace
184071743,1266,scorpi10
184137674,1266,Ness81
182810221,1266,MONKEY LUFFY
181122260,1266,Youngow1989
184300583,1266,KingOzMan
181614011,1266,Gianni
181794115,1266,aviad
182531700,1266,DavMada
181565051,1266,Lord22
183072306,1266,KSAarmy
183121113,1266,Dinoradiali
182908483,1266,Rigormortis
181646830,1266,KingShotz
184268332,1266,Red Velvet
183859043,1266,Tactical King
181340930,1266,
180418498,1266,MissedQuotient
183826046,1266,Nakose
180565782,1266,Jack!
183907855,1266,Sean p
180696652,1266,Lord Helmchen
183579641,1266,yeomzhian
137354109,1266,llDestroyeRll
180369159,1266,FAISALFAS15
181384836,1266,KING CR7
112607487,1266,
183170657,1266,Going Legend
181793958,1266,BOLUBEY
184334326,1266,NOAF
184202684,1266,Nikola
184202442,1266,Brokeback3747
182203900,1266,pistoler0
180385375,1266,Lewand
183793260,1266,Frigini
184219240,1266,yasser tahan
180827986,1266,Vortex
180434357,1266,yhorwath89
183006892,1266,COSTA
184169916,1266,REALG4LIFE
180368647,1266,Snowdriftn
183367342,1266,Lord Django
183858943,1266,Conan
184285099,1266,Betty Boop
183383666,1266,pantela74
219382121,1266,BorgiaMiniFarm
183154303,1266,Danshap
184022781,1266,Mariskyto
183826079,1266,PupFlixi4697
181106609,1266,TheAnimator
181171461,1266,Steppen
232510086,1266,Frank Castle
181063111,1266,Blond Queen
181351852,1266,isi
182859667,1266,Alexander EC
194962807,1266,el Pepe 360
182302366,1266,BobCatson
180729920,1266,183Ballistixx
302154974,1266,not
182646613,1266,Belantara_2026
192400838,1266,CENG HAN
134948830,1266,Kai
184355782,1266,Kernow
183744074,1266,Tommy SHELBY
183924660,1266,Barbie
182892217,1266,ThunderMonkey
183776526,1266,Sytara
184088377,1266,THEOKOLES
184398957,1266,zeturo
183029342,1266,Eyedrops
180483302,1266,Rubieye
183635567,1266,Poppy69
183219343,1266,Ricci
182488759,1266,Percival
184306709,1266,G lbin
182466031,1266,Lord Firulais II
188862376,1266,Arthur SHELBY
180893684,1266,Omer n
181663028,1266,L m
182286440,1266,SupermanVillain
182013382,1266,SleeP_or_Death
183285360,1266,Kristjan
182144355,1266,SuperJa
183946804,1266,Amel
183602956,1266,Matteo
181515253,1266,Sultan Mehmed
182334781,1266,Lady M
182941162,1266,King Slayer
182318888,1266,TheLastUnicorn
182072645,1266,Tomioka giyu
181407057,1266,ProVince92
183455373,1266,
185480245,1266,Coffee
181401589,1266,Drake
183028805,1266,Ruvir1234
182717899,1266,Nofears
180614319,1266,Lori
180959009,1266,Tedi72
182898057,1266,Luxzer
202789741,1266,vivi
187102768,1266,VKK
188470196,1266,Benaw65
208458805,1266,Migatte Gokui
184323165,1266,Uzair
182858998,1266,Your Moms House
181882185,1266,Yardie
181358276,1266,Morado
183012848,1266,Char971
183366693,1266,Annnaaa
182767010,1266,halo
181516264,1266,KLGaming
181761437,1266,Pancho
181859948,1266,VORENK
181423528,1266,KLEYTHON
183563334,1266,The malik z
184159552,1266,#1247KingLuk
182449206,1266,Tagore
184175883,1266,Saliha
180588134,1266,Nimbus
181816445,1266,Manuel
182046115,1266,piotr
181860239,1266,MahmoodKS
182472038,1266,Lordbosshog
183760133,1266,QueenMila5000
181466821,1266,Shinigamme
182990423,1266,Shadowstorm
183662249,1266,sultanuberreyn
180669914,1266,Nord
183996371,1266,Basanti
182318992,1266,TvT
184257548,1266,Elyne
247760465,1266,MMA
181571708,1266,leelane
270896390,1266,ClarkKent
185122678,1266,JayNotJohn
184170263,1266,LORD GILOH
181374419,1266,slow
182849233,1266,AGUIRRE PUMA
181859892,1266,Farquaad
181521367,1266,Lord RJ
182848942,1266,JohnNotJay
190234418,1266,Tamsy
183864332,1266,Zockerfreak
179107716,1266,Raspberry
184355850,1266,Chazza
183176536,1266,Kbly1928
182941502,1266,Mmkhamza
183799231,1266,5cent
183897678,1266,rjb 24
290460722,1266,Sacer
181728933,1266,SARD
378518775,1266,Marcelina
381967745,1266,Vodka_Vi ne
,1266,
,1266,
,1266,
,1266,
,1266,
,1266,
,1266,
,1266,
,1266,
,1266,
,1266,
,1266,
,1266,
,1266,
,1266,
,1266,
,1266,
,1266,
,1266,
,1266,
,1266,
,1266,
,1266,
,1266,
,1266,
,1266,
,1266,
,1266,
,1266,
,1266,
,1266,
,1266,
,1266,
,1266,
,1266,
,1266,
,1266,
,1266,
,1266,
,1266,
,1266,
,1266,
,1266,
,1266,
,1266,
,1266,
,1266,
,1266,
,1266,
,1266,
,1266,
,1266,
,1266,
,1266,
,1266,
,1266,
,1266,
,1266,
,1266,
,1266,
,1266,
,1266,
,1266,
,1266,
,1266,
,1266,
,1266,
,1266,
,1266,
,1266,
,1266,
,1266,
,1266,
,1266,
,1266,
,1266,
,1266,
,1266,
,1266,
,1266,
,1266,
,1266,
,1266,
,1266,
,1266,
,1266,
,1266,
,1266,
,1266,
,1266,
,1266,
,1266,
,1266,
,1266,
,1266,
,1266,
,1266,
,1266,
,1266,
,1266,
,1266,
,1266,
,1266,
,1266,
,1266,
,1266,
,1266,
,1266,
,1266,
,1266,
,1266,
,1266,
,1266,
,1266,
,1266,
,1266,
,1266,
,1266,
,1266,
,1266,
,1266,
,1266,
,1266,
,1266,
,1266,
,1266,
,1266,
,1266,
,1266,
,1266,
,1266,
,1266,
,1266,
,1266,
,1266,
,1266,
,1266,
,1266,
,1266,
,1266,
,1266,
,1266,
,1266,
,1266,
,1266,
,1266,
,1266,
,1266,
,1266,
,1266,
,1266,
,1266,
,1266,
,1266,
,1266,
,1266,
,1266,
,1266,
,1266,
,1266,
,1266,
,1266,
,1266,
,1266,
,1266,
,1266,
,1266,
,1266,
,1266,
,1266,
,1266,
,1266,
,1266,
,1266,
,1266,
,1266,
,1266,
,1266,
,1266,
,1266,
,1266,
,1266,
,1266,
,1266,
,1266,
,1266,
,1266,
,1266,
,1266,
,1266,
,1266,
,1266,
,1266,
,1266,
,1266,
,1266,
,1266,
,1266,
,1266,
,1266,
,1266,
,1266,
,1266,
,1266,
,1266,
,1266,
,1266,
,1266,
,1266,
,1266,
,1266,
,1266,
,1266,
,1266,
,1266,
,1266,
,1266,
,1266,
,1266,
,1266,
,1266,
,1266,
,1266,
,1266,
,1266,
,1266,
,1266,
,1266,
,1266,
,1266,
,1266,
,1266,
,1266,
,1266,
,1266,
,1266,
,1266,
,1266,
,1266,
,1266,
,1266,
,1266,
,1266,
,1266,
,1266,
,1266,
,1266,
,1266,
,1266,
,1266,
,1266,
,1266,
,1266,
,1266,
,1266,
,1266,
,1266,
,1266,
,1266,
,1266,
,1266,
,1266,
,1266,
,1266,
,1266,
,1266,
,1266,
,1266,
,1266,
,1266,
,1266,
,1266,
,1266,
,1266,
,1266,
,1266,
,1266,
,1266,
,1266,
,1266,
,1266,
,1266,
,1266,
,1266,
,1266,
,1266,
,1266,
,1266,
,1266,
,1266,
,1266,
,1266,
,1266,
,1266,
,1266,
,1266,
,1266,
,1266,
,1266,
,1266,
,1266,
,1266,
,1266,
,1266,
,1266,
,1266,
,1266,
,1266,
,1266,
,1266,
,1266,
,1266,
,1266,
,1266,
,1266,
,1266,
,1266,
,1266,
,1266,
,1266,
,1266,
,1266,
,1266,
,1266,
,1266,
,1266,
,1266,
,1266,
,1266,
,1266,
,1266,
,1266,
,1266,
,1266,
,1266,
,1266,
,1266,
,1266,
,1266,
,1266,
,1266,
,1266,
,1266,
,1266,
,1266,
,1266,
,1266,
,1266,
,1266,
,1266,
,1266,
,1266,
,1266,
,1266,
,1266,
,1266,
,1266,
,1266,
,1266,
,1266,
,1266,
,1266,
,1266,
,1266,
,1266,
,1266,
,1266,
,1266,
,1266,
,1266,
,1266,
,1266,
,1266,
,1266,
,1266,
,1266,
,1266,
,1266,
,1266,
,1266,
,1266,
,1266,
,1266,
,1266,
,1266,
,1266,
,1266,
,1266,
,1266,
,1266,
,1266,
,1266,
,1266,
,1266,
,1266,
,1266,
,1266,
,1266,
,1266,
,1266,
,1266,
,1266,
,1266,
,1266,
,1266,
,1266,
,1266,
,1266,
,1266,
,1266,
,1266,
,1266,
,1266,
,1266,
,1266,
,1266,
,1266,
,1266,
,1266,
,1266,
,1266,
,1266,
,1266,
,1266,
,1266,
,1266,
,1266,
,1266,
,1266,
,1266,
,1266,
,1266,
,1266,
,1266,
,1266,
,1266,
,1266,
,1266,
,1266,
,1266,
,1266,
,1266,
,1266,
,1266,
,1266,
,1266,
,1266,
,1266,
,1266,
,1266,
,1266,
,1266,
,1266,
,1266,
,1266,
,1266,
,1266,
,1266,
,1266,
,1266,
,1266,
,1266,
,1266,
,1266,
,1266,
,1266,
,1266,
,1266,
,1266,
,1266,
,1266,
,1266,
,1266,
,1266,
,1266,
,1266,
,1266,
,1266,
,1266,
,1266,
,1266,
,1266,
,1266,
,1266,
,1266,
,1266,
,1266,
,1266,
,1266,
,1266,
,1266,
,1266,
,1266,
,1266,
,1266,
,1266,
,1266,
,1266,
,1266,
,1266,
,1266,
,1266,
,1266,
,1266,
,1266,
,1266,
,1266,
,1266,
,1266,
,1266,
,1266,
,1266,
,1266,
,1266,
,1266,
,1266,
,1266,
,1266,
,1266,
,1266,
,1266,
,1266,
,1266,
,1266,
,1266,
,1266,
,1266,
,1266,
,1266,
,1266,
,1266,
,1266,
,1266,
,1266,
,1266,
,1266,
,1266,
,1266,
,1266,
,1266,
,1266,
,1266,
,1266,
,1266,
,1266,
,1266,
,1266,
,1266,
,1266,
,1266,
,1266,
,1266,
,1266,
,1266,
,1266,
,1266,
,1266,
,1266,
,1266,
,1266,
,1266,
,1266,
,1266,
,1266,
,1266,
,1266,
,1266,
,1266,
,1266,
,1266,
,1266,
,1266,
,1266,
,1266,
,1266,
,1266,
,1266,
,1266,
,1266,
,1266,
,1266,
,1266,
,1266,
,1266,
,1266,
,1266,
,1266,
,1266,
,1266,
,1266,
,1266,
,1266,
,1266,
,1266,
,1266,
,1266,
,1266,
,1266,
,1266,
,1266,
,1266,
,1266,
,1266,
,1266,
,1266,
,1266,
,1266,
,1266,
,1266,
,1266,
,1266,
,1266,
,1266,
,1266,
,1266,
,1266,
,1266,
,1266,
,1266,
,1266,
,1266,
,1266,
,1266,
,1266,
,1266,
,1266,
,1266,
,1266,
,1266,
,1266,
,1266,
,1266,
,1266,
,1266,
,1266,
,1266,
,1266,
,1266,
,1266,
,1266,
,1266,
,1266,
,1266,
,1266,
,1266,
,1266,
,1266,
,1266,
,1266,
,1266,
,1266,
,1266,
,1266,
,1266,
,1266,
,1266,
,1266,
,1266,
,1266,
,1266,
,1266,
,1266,
,1266,
,1266,
,1266,
,1266,
,1266,
,1266,
,1266,
,1266,
,1266,
,1266,
,1266,
,1266,
,1266,
,1266,
,1266,
,1266,
,1266,
,1266,
,1266,
,1266,
,1266,
,1266,
,1266,
,1266,
,1266,
,1266,
,1266,
,1266,
,1266,
,1266,
,1266,
,1266,
,1266,
,1266,
,1266,
,1266,
,1266,
,1266,
,1266,
,1266,
,1266,
,1266,
,1266,
,1266,
,1266,
,1266,
,1266,
,1266,
,1266,
,1266,
,1266,
,1266,
,1266,
,1266,
,1266,
,1266,
,1266,
,1266,
,1266,
,1266,
,1266,
,1266,
,1266,
,1266,
,1266,
,1266,
,1266,
,1266,
,1266,
,1266,
,1266,
,1266,
,1266,
,1266,
,1266,
,1266,
,1266,
,1266,
,1266,
,1266,
,1266,
,1266,
,1266,
,1266,
,1266,
,1266,
,1266,
,1266,
,1266,
,1266,
,1266,
,1266,
,1266,
,1266,
,1266,
,1266,
,1266,
,1266,
,1266,
,1266,
,1266,
,1266,
,1266,
,1266,
,1266,
,1266,
,1266,
,1266,
,1266,
,1266,
,1266,
,1266,
,1266,
,1266,
,1266,
,1266,
,1266,
,1266,
,1266,
,1266,
,1266,
,1266,
,1266,
,1266,
,1266,
,1266,
,1266,
,1266,
,1266,
,1266,
,1266,
,1266,
,1266,
,1266,
,1266,
,1266,
,1266,
,1266,
,1266,
,1266,
,1266,
,1266,
,1266,
,1266,
,1266,
,1266,
,1266,
,1266,
,1266,
,1266,
,1266,
,1266,
,1266,
,1266,
,1266,
,1266,
,1266,
,1266,
,1266,
,1266,
,1266,
,1266,
,1266,
,1266,
,1266,
,1266,
,1266,
,1266,
,1266,
,1266,
,1266,
,1266,
,1266,
,1266,
,1266,
,1266,
,1266,
,1266,
,1266,
,1266,
,1266,
,1266,
,1266,
,1266,
,1266,
,1266,
,1266,
,1266,
,1266,
,1266,
,1266,
,1266,
,1266,
,1266,
,1266,
,1266,
,1266,
,1266,
,1266,
,1266,
,1266,
,1266,
,1266,
,1266,
,1266,
,1266,
,1266,
,1266,
,1266,
,1266,
,1266,
,1266,
,1266,
,1266,
,1266,
,1266,
,1266,
,1266,
,1266,
,1266,
,1266,
,1266,
,1266,
,1266,
,1266,
,1266,
,1266,
,1266,
,1266,
,1266,
,1266,
,1266,
,1266,
,1266,
,1266,
,1266,
,1266,
,1266,
,1266,
,1266,
,1266,
,1266,
,1266,
,1266,
,1266,
,1266,
,1266,
,1266,
,1266,
,1266,
,1266,
,1266,
,1266,
,1266,
,1266,
,1266,
,1266,
,1266,
,1266,
,1266,
,1266,
,1266,
,1266,
,1266,
,1266,
,1266,
,1266,
,1266,
,1266,
,1266,
,1266,
,1266,
,1266,
,1266,
,1266,
,1266,
,1266,
,1266,
,1266,
,1266,
,1266,
,1266,
,1266,
,1266,
,1266,
,1266,
,1266,
,1266,
,1266,
,1266,
,1266,
,1266,
,1266,
,1266,
,1266,
,1266,
,1266,
,1266,
,1266,
,1266,
,1266,
,1266,
,1266,
,1266,
,1266,
,1266,
,1266,
,1266,
,1266,
,1266,
,1266,
,1266,
,1266,
,1266,
,1266,
,1266,
,1266,
,1266,
,1266,
,1266,
,1266,
,1266,
,1266,
,1266,
,1266,
,1266,
,1266,
,1266,
,1266,
,1266,
,1266,
,1266,
,1266,
,1266,
,1266,
,1266,
,1266,
,1266,
,1266,
,1266,
,1266,
,1266,
,1266,
,1266,
,1266,
,1266,
,1266,
,1266,
,1266,
,1266,
,1266,
,1266,
,1266,
,1266,
,1266,
,1266,
,1266,
,1266,
,1266,
,1266,
,1266,
,1266,
,1266,
,1266,
,1266,
,1266,
,1266,
,1266,
,1266,
,1266,
,1266,
,1266,
,1266,
,1266,
,1266,
,1266,
,1266,
,1266,
,1266,
,1266,
,1266,
,1266,
,1266,
,1266,
,1266,
,1266,
,1266,
,1266,
,1266,
,1266,
,1266,
,1266,
,1266,
,1266,
,1266,
,1266,
,1266,
,1266,
,1266,
,1266,
,1266,
,1266,
,1266,
,1266,
,1266,
,1266,
,1266,
,1266,